[
  {
    "image": "./icons/icon-access-anywhere.svg",
    "title": "Access your files, anywhere",
    "description": "The ability to use a smartphone, tablet, or computer to accces your account means your files follow you everywhere."
  },
  {
    "image": "./icons/icon-security.svg",
    "title": "Security you can trust",
    "description": "2-factor authentication and user-controlled encryption are just a couple of the security features we allow to help secure your files."
  },
  {
    "image": "./icons/icon-collaboration.svg",
    "title": "Real-time collaboration",
    "description": "Securely share files and folders with friends, family and colleagues for live collaboration. No email attachements required."
  },
  {
    "image": "./icons/icon-any-file.svg",
    "title": "Store any type of file",
    "description": "Whether you're sharing holiday photos or work documents, Fylo has you covered allowing for all file types to be securely stored and shared."
  }
]
