[
  {
    "name": "Satish Patel",
    "title": "Founder & CEO, Huddle",
    "quote": "Fylo has improved our team productivity by an order of magnitude. Since making the switch our team has become a well-oiled collaboration machine.",
    "image": "/images/profile-1.jpg"
  },
  {
    "name": "Bruce McKenzie",
    "title": "Founder & CEO, Huddle",
    "quote": "Fylo has improved our team productivity by an order of magnitude. Since making the switch our team has become a well-oiled collaboration machine.",
    "image": "/images/profile-2.jpg"
  },
  {
    "name": "Iva Boyd",
    "title": "Founder & CEO, Huddle",
    "quote": "Fylo has improved our team productivity by an order of magnitude. Since making the switch our team has become a well-oiled collaboration machine.",
    "image": "/images/profile-3.jpg"
  }
]
